Feature1,Feature2,Target
3.745401188473625,0.9256646441930982,16.770558973672227
9.50714306409916,2.7095047368917906,37.70011813502128
7.319939418114051,4.364729179382041,35.34955827525395
5.986584841970366,3.661124432047806,30.833051650230978
1.5601864044243652,4.032805739307249,19.116547631237466
1.5599452033620265,3.293916833553587,15.062900851172735
0.5808361216819946,3.4613828225892624,15.904306863663791
8.661761457749352,4.2459782578265965,39.070555487337394
6.011150117432088,1.2483400442959298,25.498079499365467
7.080725777960454,2.4471248182157024,30.015609451591033
0.20584494295802447,1.1060472090980111,4.1932688566606835
9.699098521619943,4.938340039983235,45.30004373936787
8.324426408004218,4.720296698433066,40.51913846651743
2.1233911067827616,0.1971340568425295,11.342450098356023
1.8182496720710062,3.5278758625784423,17.61098681720721
1.8340450985343382,4.626241587078329,20.528527296315822
3.0424224295953772,0.9028767256366677,13.589201954729655
5.247564316322379,2.839726152763147,25.628566238473987
4.319450186421157,4.577441487940209,28.304630554576633
2.9122914019804194,0.1697298929289942,12.194899857045373
6.118528947223795,3.4871013362341996,30.770126412389725
1.3949386065204183,1.4867450368627537,10.123433186351654
2.9214464853521815,4.621980976882652,23.707946383472137
3.663618432936917,4.855291225826839,25.647975527018204
4.56069984217036,4.721332445567169,25.702066693787152
7.851759613930136,2.371071083287319,35.04453004005081
1.9967378215835974,4.310213254946567,18.508752609446855
5.142344384136116,4.222746992675352,27.657148482237478
5.924145688620425,1.5955023662162782,26.264295594140247
0.46450412719997725,4.144577370753387,16.405623147249777
6.075448519014383,0.1850381735774631,22.072689175730478
1.7052412368729153,2.981349392410265,16.170942270211235
0.6505159298527952,1.1500441864385151,9.894860912931275
9.488855372533333,0.602834428886394,35.711893386267505
9.656320330745594,0.3847660081460458,35.00315534144472
8.08397348116461,3.4814438793906985,35.66426644365025
3.0461376917337066,1.6993748188403308,16.2957773819087
0.9767211400638387,3.6238338576438074,15.307046960048693
6.842330265121569,0.32678170399471185,24.57234568537572
4.4015249373960135,1.5764516891530516,16.975452465252232
1.2203823484477883,2.697456461876686,14.710899675333238
4.951769101112702,3.953615824194818,29.118441213357034
0.34388521115218396,1.5937625146603496,5.674782009464494
9.093204020787821,3.1294568821850453,37.02392976966865
2.587799816000169,4.429888741180935,22.551908321870172
6.62522284353982,3.0793159409115227,34.12054361701006
3.1171107608941098,1.164797373768169,16.712117591731776
5.200680211778108,0.1220039077826901,19.754044039056005
5.4671027934327965,4.350494369504649,29.827952457650426
1.8485445552552704,0.10634705425193569,12.82064240299196
9.695846277645586,4.3735083634209975,41.86560929109195
7.7513282336111455,2.64468567013606,32.34456803113017
9.394989415641891,4.695338492564481,41.85152994878159
8.948273504276488,3.993916178868327,38.402659958178056
5.978999788110851,4.989670552666688,33.10034594365812
9.218742350231167,1.7535590772585508,38.600362892914944
0.884925020519195,3.8359414446556346,15.811276860542897
1.959828624191452,2.009654568046211,14.520264755477346
0.45227288910538066,2.3993781015195443,10.717857966981915
3.2533033076326436,3.1375273160918504,18.690178342036646
3.8867728968948203,4.368385570931694,26.721754498268588
2.713490317738959,4.9204173459964755,22.864549849690626
8.287375091519294,3.841367069322591,37.274139542817124
3.567533266935893,2.088833910836669,24.669928974248307
2.8093450968738076,2.106785011385351,18.089734675940655
5.426960831582485,3.6879115079444573,27.529018935493596
1.4092422497476265,1.1938857288415117,10.975961812617587
8.021969807540398,0.5523705656569733,31.89331911773027
0.7455064367977082,1.7731107882038826,10.952646502607537
9.868869366005173,1.4361949582704088,35.32158104708029
7.722447692966574,1.4815406022799504,32.50926768532243
1.987156815341724,1.1680387552495497,12.295331828215781
0.05522117123602399,0.21046594818180941,8.39654207439801
8.154614284548341,0.08936967366706905,31.262654299551134
7.068573438476172,4.938611948680157,35.411961369300705
7.2900716804098735,2.138865668679312,33.06947092119091
7.712703466859457,1.9216332357984083,32.08316013796629
0.7404465173409036,3.3982364134653493,15.296972891636738
3.5846572854427263,1.0912694393253208,18.663609960920528
1.1586905952512971,4.749805919751127,16.706148642769836
8.631034258755935,3.9317250720777603,37.79122817194713
6.232981268275579,0.44705501156129757,26.137995054321074
3.308980248526492,2.087903878924642,18.60058550526895
0.6355835028602363,4.395591537810823,15.09246088933936
3.109823217156622,4.723660111457051,22.34410600535994
3.2518332202674705,2.3370075562493486,20.0649133716913
7.29606178338064,3.0670569460535386,36.116086621113716
6.3755747135521315,0.8351697304603761,24.195764230195735
8.872127425763265,4.955843130684883,41.5643977236687
4.722149251619493,1.1583585069172169,23.601495601816055
1.195942459383017,4.713658870675628,17.895683032631734
7.13244787222995,3.2482332449618423,33.57236780098813
7.607850486168974,3.0386839743942957,32.3073291150752
5.612771975694963,2.563442555082543,27.607661683061448
7.70967179954561,1.1533490585887933,30.154997118307595
4.937955963643907,0.8826401600275413,23.0577432045066
5.227328293819941,1.1024310453508768,24.6679260495087
4.275410183585496,0.9321913107212726,23.574958635226952
0.2541912674409519,3.8979223678337664,14.42786829781075
1.0789142699330445,1.7506262958336505,12.226689876339684
0.3142918568673425,0.28921338281698183,6.812878788601996
6.364104112637804,4.845513150704057,33.253589200105495
3.143559810763267,4.4189294248171285,23.776264047116594
5.085706911647028,4.638761415976065,29.091541451684673
9.07566473926093,4.974539113232177,42.42876390865156
2.4929222914887497,0.8694762460974365,16.19411567007306
4.103829230356297,1.9812100945132938,19.76409403217602
7.555511385430487,3.7911923785204564,36.958736755025946
2.2879816549162246,3.480103090268961,20.799823746296394
0.7697990982879299,0.7694795316992753,8.671253567775722
2.8975145291376805,4.079165624953089,18.668092488806327
1.6122128725400442,1.1222028591833033,11.16931135534509
9.29697652342573,1.1190880741131153,37.07459753834509
8.08120379564417,2.6848721144670677,34.57905352241831
6.334037565104235,2.9646996742085157,28.43255869528737
8.714605901877178,2.9004310391890558,36.187517402167316
8.036720768991145,0.45743418698877436,31.285960720707813
1.8657005888603584,4.387304313151902,20.19181074518695
8.925589984899778,1.3280002129435302,34.07437223183185
5.393422419156507,0.6475746064140209,21.92517985257553
8.074401551640625,4.443740399344886,37.52304823004591
8.960912999234932,4.778257491148767,40.05563870325457
3.1800347497186388,4.310638086327253,25.58444395601458
1.1005192452767676,4.04758037362439,15.913237779262074
2.279351625419417,3.2762099031951086,20.216212463886713
4.271077886262563,2.7542868530456968,25.60378144276276
8.18014765922493,0.4349337995570507,31.907776924010836
8.607305832563434,2.0422660653534934,34.25901915932021
0.06952130531190703,1.86344258506157,9.541044221563775
5.107473025775658,1.2987689188016311,22.88366350534386
4.17411003148779,3.6171005684429245,23.40097844025403
2.2210781047073027,2.4793786753938543,17.10853058749202
1.198653673336828,0.40523107953823967,7.63786349234726
3.3761517140362796,1.1009160097490567,19.1118062442993
9.429097039125192,3.4162938182979796,39.42295280802394
3.2320293202075523,0.3806542974515009,15.759136039334917
5.187906217433661,4.256034570243844,29.500719600107885
7.030189588951778,2.4757326350698716,30.65367657643896
3.63629602379294,2.40293288663324,21.59479454685821
9.717820827209607,2.962038923297588,39.36518484329021
9.624472949421111,4.123404829625746,43.42717445370069
2.5178229582536416,1.7390460395109653,14.012591433412732
4.972485058923855,3.390080762795318,26.887186071681818
3.0087830981676964,2.8286598199789554,22.592062433048426
2.848404943774676,1.3351413508471066,14.715000546109877
0.36886947354532795,4.39314993177579,13.876290828400286
6.095643339798968,3.9871301080346404,32.03205200995456
5.026790232288615,3.2922591732921274,26.934261716359497
0.5147875124998935,4.2529086454712095,15.576124977352437
2.7864646423661146,4.336471004799012,22.766116631917864
9.082658859666537,3.541814883575174,40.283688548992615
2.395618906669724,4.18506664181836,22.22153976658023
1.448948720912231,3.487357308346418,16.936288764822297
4.89452760277563,3.400703858801502,26.12310404400208
9.856504541106007,3.0930568910759213,41.764487957273964
2.4205527151150044,3.763583197788206,22.638647443264247
6.721355474058786,0.7930255264653685,26.551166855533236
7.616196153287175,4.404353795994642,35.19550209484485
2.3763754399239967,4.35921763872616,22.50818260115477
7.282163486118596,0.14623641517279573,26.958391542770983
3.677831327192532,4.129083752823814,21.032657168204167
6.3230583059357945,0.644349337367226,26.529006108267467
6.335297107608947,1.6755942712957095,26.554087586487377
5.357746840747585,3.717541281458039,28.372523161702595
0.902897700544083,0.803799480241541,9.814262557968853
8.35302495589238,4.0898351205953105,38.52449462853636
3.2078006497173583,4.16067088978871,24.008921454438056
1.8651851039985423,2.537338668804181,15.017003093749224
0.40775141554763916,0.0319293585841679,7.056771661075378
5.908929431882418,1.435190665874564,25.207849611020507
6.775643618422825,3.084634591878711,32.60441576035715
0.16587828927856152,4.9059308901371175,16.232547874129498
5.12093058299281,3.1590676350833418,25.277768966078224
2.2649577519793795,1.2990179053207989,16.021882240842285
6.451727904094499,3.170028515498057,29.89129557560854
1.7436642900499144,2.6999268985792773,16.842933364730015
6.90937738102466,3.899226975755718,34.07751706468742
3.867353463005374,0.534903194134792,20.429142292478392
9.367299887367345,3.80513951251014,40.37697971356454
1.3752094414599325,2.7063328933805515,14.014318916963603
3.410663510502585,4.814960019294973,24.8327811612661
1.1347352124058907,1.7093608301934304,11.36815762335312
9.246936182785628,3.1631094656697405,40.26694033260944
8.77339353380981,4.660140527550087,38.21599574387472
2.579416277151556,0.5125486399533963,12.18282248264193
6.59984046034179,4.686142436182256,32.570101871021095
8.172222002012159,3.439428611504067,37.820984617004974
5.5520081159946235,0.3391852955258595,24.900314997908477
5.296505783560065,1.5048178347340813,23.74247919234215
2.418522909004517,3.540860443226408,19.08405702868135
0.9310276780589921,0.3367530073438585,8.571667293534464
8.972157579533267,2.9108523008813663,39.48099479427482
9.004180571633304,1.7294152847647837,34.08034258314362
6.33101457273268,3.1045775888373854,30.559752369974987
3.390297910487007,0.22871016906256425,17.091110514259796
3.492095746126609,4.357684030761881,24.943296554813355
7.259556788702394,4.867444845886984,36.79793248277927
8.971102599525771,4.8443892764284575,43.10365549028494
8.870864242651173,3.7482591587146237,35.05426260588391
7.798755458576238,0.6504312006531598,30.713941756331394
6.420316461542877,3.791315979645113,30.86246781922772
0.8413996499504883,0.12293458229400755,5.024118769154795
1.6162871409461377,0.11061775764498627,10.836900837415856
8.985541885270793,1.6180510957477061,37.25321566505223
6.0642905965958995,2.443215952023329,27.873130921892816
0.09197051616629648,3.852037089038966,14.409297547381229
1.014715428660321,3.416476883032526,17.295517439028984
6.635017691080558,2.229513531883742,31.33645181738523
0.05061583846218687,1.3681333314083295,10.348060972260308
1.6080805141749865,4.985622500788556,20.908677780709912
5.487337893665861,2.1309065111798646,25.836977161709704
6.918951976926932,2.2569351216483775,27.867777456231796
6.519612595026006,0.8181191059583459,25.825982264799787
2.242693094605598,3.974047743749647,18.4113048783418
7.121792213475358,3.468411128907443,36.55861297448768
2.3724908749680007,1.103848063943802,14.0613400341431
3.2539969815926773,0.4119052280792135,15.770608611113186
7.464914051180242,3.4024965103735654,35.02696323834855
6.496328990472147,3.2725560714056763,31.099502783786473
8.49223410494178,1.3662976349910467,35.75187414545356
6.576128923003433,4.754317811252052,33.303048348912725
5.683086033354716,0.7552894589045012,23.851748200729013
0.9367476782809248,2.1616740052130097,11.019885166721721
3.6771580305943354,4.718079600837994,23.487599526627935
2.6520236768172545,2.0986365846306114,16.235690563355057
2.4398964337908358,3.1926297383204276,18.649393582440744
9.730105547524456,1.9879719898139714,37.52230728542543
3.930977246667604,1.3710760117433503,18.49645229367873
8.920465551771134,4.919888239799141,39.49169693940393
6.311386259972629,2.046670031575215,27.902840484125274
7.948113035416484,4.470496018395672,35.5282505819943
5.026370931051921,1.149773029455431,23.51874279760103
5.769038846263591,1.0655235201254165,24.56182320844336
4.925176938188639,0.1556704144225568,17.900544394213632
1.952429877980445,3.2583341268794253,16.91014427212539
7.224521152615053,1.8426317186188057,29.230592286696897
2.807723624408558,4.321791249198185,22.545515137250813
0.2431596643145384,2.366049533457786,12.472253728893904
6.454722959071678,4.840967139573609,31.233344451893633
1.7711067940704894,0.9276275785156057,12.341114657963807
9.404585843529143,4.343115839778054,41.65979001679358
9.539285770025874,3.8829842639587087,42.39083595267074
9.148643902204485,3.85460922322026,40.47494509541051
3.7015870025544437,4.223916140584438,23.424639291223976
0.15456616528867428,3.8051199547149945,12.595357501796085
9.283185625877254,3.131101608157077,37.91772130874068
4.281841483173143,0.6562243884119379,20.771983934241206
9.666548190436696,0.16263089745625958,34.356873839230516
9.636199770892528,4.604239239078434,45.96886381946396
8.530094554673601,3.0832515726036904,36.66579558850625
2.944488920695857,3.9826864548808816,20.736229521483644
3.8509772860192526,2.4076117575627505,19.097583784264017
8.511366715168569,0.5865409448119724,29.00247252074573
3.1692200515627764,0.6259289610127522,13.383314162205599
1.6949274668609249,3.4278264361448567,17.341125249389712
5.568012624583502,2.1515294744973135,26.770184357590033
9.36154774160781,1.0026236335016836,32.718104438778596
6.96029796674973,2.4579727337071846,32.139396838777735
5.700611700893649,0.32104468537567044,22.019332895907127
0.9717649377076854,2.909857009571994,13.95519835024537
6.150072266991698,1.3449670221754884,28.558481787709205
9.900538501042632,3.9877955031859407,44.02246548329807
1.4008401523652403,1.5518097946178688,11.90334407447271
5.183296523637368,2.276100745409006,23.76530272360718
8.773730719279554,0.05810269954050318,28.20967445492571
7.407686177542044,0.3622344389727944,26.868797431708092
6.97015740995268,1.962467782033424,29.518712435683344
7.024840839871093,2.3996941735856177,29.393141576057737
3.5949115121975517,3.0001027405965184,21.588054567147235
2.9359184426449336,1.4583128935465162,16.839658939465984
8.093611554785136,3.474909430632713,35.89336955290872
8.101133946791808,4.300611985946023,36.92962194103228
8.670723185801037,3.8992549444667493,39.0636614542867
9.132405525564714,0.19809412674178573,33.456315804531826
5.113423988609378,2.4025347362891445,23.509742822242156
5.015162946871996,0.5246508920908743,23.211189194417145
7.9829517896677515,1.2102250793126372,31.22142332920214
6.4996393077776515,4.933312966335732,34.39381829042169
7.019668772577034,0.7124777145075661,28.546283381631067
7.95792669436101,2.4944407672567803,34.21248581449184
8.900053418175663,3.0907786715905954,39.31142254857805
3.379951568515358,3.5123248527205195,22.59519065878985
3.75582952639944,2.7982434174345707,20.945319352106804
0.93981939840869,0.048854237095918296,8.45942195722706
5.78280140996174,1.6323065412199593,23.897428001344146
0.35942273796742086,2.5885582169235573,11.418224206414163
4.655980181324601,0.43933249572416677,19.796760549455445
5.426446347075766,1.7531346560459038,24.47343306741029
2.865412521282844,0.16601554395683282,13.735462384603803
5.9083326056901075,0.3928924857751037,20.688009220374074
0.3050024993904943,1.9846163810079802,9.061152898576001
0.37348188749214417,0.6635787702153018,7.5868705546187085
8.226005606596583,2.8377042413077906,35.593209890401425
3.601906414112629,3.4473248456863286,21.158856222321607
1.2706051265188478,4.002933495545414,18.71624413194442
5.222432600548044,1.0007512212240504,21.36953797177048
7.699935530986108,0.8374129112953488,31.22881821633913
2.1582102749684315,0.5228392016720013,13.161100771056823
6.228904758190002,3.1821512477181835,29.08167580524067
0.85347464993768,3.5323786324345057,17.288147553596318
0.516817211686077,0.1579307241282102,5.0758578356799315
5.31354631568148,4.681061231218449,31.68149266989634
5.406351216101065,0.25985641825736205,23.239639961882386
6.374299014982066,2.7064816765053523,28.529930084341935
7.260913337226615,3.545302597254582,35.9620431562855
9.758520794625346,4.354845618730428,42.610183849438464
5.163003483011953,3.570434660662139,28.062920214279924
3.2295647294124596,4.008640415348959,23.09645777709213
7.9518619476870365,1.6972509627140302,32.048624656283344
2.708322512620742,4.074125568732561,22.48943108506702
4.389714207056361,0.4005742319233757,20.160524165844155
0.7845638134226596,4.474083280302638,13.679060041015985
0.2535074341545751,2.7379618807686814,13.192956428318316
9.626484146779251,4.0864888498124685,39.558692157909185
8.359801205122059,2.2615914225915006,36.15140576706166
6.95974206093698,3.2178884759826247,34.00506084001756
4.089529444142698,2.632013304680566,20.896165296466428
1.7329432007084578,3.6579476087766594,16.898503387746814
1.5643704267108605,0.4081499101529479,8.850854097709574
2.502428981645953,0.301760419952819,12.788426239410395
5.4922666470612045,1.2355161700507322,23.485780855006468
7.145959227000623,0.7977234005659417,29.20281528053776
6.601973767177313,4.3589178329610085,35.48922008663337
2.7993389694594284,1.0960699367902216,17.68368249814366
9.54865280663194,4.879326279095657,42.56135893821968
7.378969166957685,1.6844789588555342,30.19203260796733
5.543540525114007,0.9105895784434964,20.926643443897586
6.117207462343522,3.9484925357123957,30.039802358711075
4.196000624277899,3.2935388775043806,25.622357077488644
2.4773098950115746,2.490978582265695,19.83726108488846
3.559726786512616,2.7768177546881563,19.381292561094277
7.578461104643691,3.5960088913613193,34.03870470792437
0.14393488629755868,1.1422737066564936,7.676743436767273
1.1607264050691624,4.981669580283709,18.865760114004317
0.4600264202175275,4.873965810733916,14.913605602237945
0.40728802318970136,3.2516284317346846,13.361212499734608
8.554605840110073,0.9977122546457257,31.94848300901529
7.036578593800237,3.401141212156457,32.8903397993962
4.741738290873252,0.3609920448958792,20.766625334417064
0.9783416065100148,0.15326251102903032,8.251183246304512
4.916158751168323,1.2884144425560684,21.670726302827255
4.734717707805657,2.3131147836965815,23.665967984921387
1.7320186991001518,4.341362527041903,18.746236712576255
4.33851649237973,3.6358453488315403,24.732223629979078
3.9850473439737346,3.713532605999905,23.994013149920363
6.158500980522165,2.1274666722403768,30.128407041804326
6.350936508676438,1.7296749627348147,28.353538623410802
0.4530400977204452,1.8551938149230134,9.626287445963623
3.746126146264712,4.938247818680289,27.160305682920818
6.258599157142363,0.2005459570624124,23.6761601509179
5.031362585800877,4.335157480612243,30.52408967500708
8.564898411883222,2.893377042861967,37.035912609670746
6.58693631618945,2.1930770959479524,28.98600992445791
1.629344270814297,3.6262883020756824,17.812184805309673
0.7056874740042984,2.4333447071235144,9.627437608157175
6.424192782063156,4.367116190408303,31.31665952364137
0.26511310541621813,4.503509320056293,13.011470446762656
5.8577558127346325,2.108604634367277,27.004891349084012
9.402302414249576,1.384138986175258,38.57395771432688
5.75474177875879,2.961751642966811,31.534678841498938
3.881699262065219,4.561816728083455,26.725807894523705
6.432882184423532,1.053310945028333,27.156535155743946
4.582528904915167,3.114832917817414,22.275665949151218
5.45616789315935,3.1578011004626028,26.870095180802224
9.41464808776525,3.665565112076405,39.3933988595862
3.8610263780077423,0.657838425636299,16.967484587919152
9.611905638239142,3.5791248234104427,40.74175083366112
9.053506419560637,4.545162603328205,40.54270859879263
1.9579113478929644,0.8984155443512098,9.701615416817631
0.6936130087516545,1.1877166246193882,10.578137659670041
1.0077800137742665,4.856975470208198,16.128176443129487
0.18221825651549728,0.9048847635474488,7.715294592808114
0.944429607559284,4.271925466847896,19.488263760998606
6.830067734163569,2.461389282240174,29.033904879591415
0.7118864846022899,1.2361553720158853,5.812538913719145
3.189756302937613,4.353749506362557,22.847761588717788
8.448753109694545,2.2265262750133274,36.450751331608146
0.23271935735825866,2.574086769648451,13.783852792702568
8.144684825889358,1.7961668469988283,31.182063779987104
2.8185477477339993,2.9647542571746373,20.13020059240605
1.1816482762165625,0.8176193629251138,9.482217869329835
6.967371653641506,1.9554076832588034,29.654007795985923
6.28942846779884,4.847061611676438,37.52892364727495
8.77472013527053,1.2906671635056377,31.651039240230137
7.350710438038858,3.283683322706461,34.000107451771356
8.034809303848485,1.6259503211234745,33.05786831144056
2.820345725713065,3.8673656284330034,22.824447921414222
1.7743954377972282,0.6543683035917491,11.778897650781527
7.506147516408584,4.849105225392724,37.678728809267355
8.06834739267264,2.2689477069181962,33.15546474072163
9.905051420006734,1.1802523167323198,37.4793493053525
4.126176769114265,0.3674837366500633,17.598709367396808
3.720180857927832,0.8487895254377037,18.790479459442977
7.764129607419968,2.598869742780088,32.93571280375463
3.4080354025301784,1.6850158821564314,19.15978856275668
9.307573256035647,4.144416829413047,41.16765920640557
8.584127518430119,2.1544376183090295,36.75033316806667
4.289940273750183,1.2435713629381495,20.27987296174412
7.508710677914974,3.0857249330201504,31.0380331974749
7.545428740846823,3.533886084427229,36.59694064246591
1.031238688359326,0.8352095395047493,8.405536692793547
9.025529066795666,0.8380960814415883,32.772129855296946
5.052523724478571,0.18335713466771486,19.630793501705906
8.264574661077416,3.6820100753282023,39.219401273644884
3.2004960103061175,3.3190226381090255,18.03602198616836
8.955232284962005,2.3731543787490694,41.31862841287414
3.892016787341631,4.220852244845986,26.701840065315942
0.1083765148029836,4.028350764750266,13.716689445103222
9.053819764192637,2.9267718219837606,37.932661935621
0.9128667678613356,4.341356402566293,16.84964422100308
3.1931363759041487,1.0292060501838414,17.419504870649135
9.50061967050805,0.5595980969886394,35.5888785844265
9.506071469375561,1.348748057584948,37.04911722230175
5.734378881232861,0.28543428044657426,22.90837622647461
6.318372121697992,2.65584764000516,28.97080401464331
4.4844552197831975,4.683028461474807,27.59251265681894
2.9321077169806453,0.19671770334254823,13.89739613709801
3.2866454536991596,0.610549570050134,17.781690646498344
6.725184560770384,2.2609951414171765,30.587879048566798
7.5237452943768,4.669375087639525,32.49940310641303
7.915790437258485,1.5807805248837525,32.8927835263376
7.896181427945539,2.536174043441962,34.052996662798705
0.9120610304869037,0.20786429525196048,8.123848547295786
4.944203047025814,0.7417160048104443,20.733263471065005
0.5755876001664428,4.933150614794235,18.279233110066816
5.495288823237355,4.825593482180228,32.558343127256805
4.41530501373377,0.02469990467204808,17.13599834880999
8.877041827582998,4.759058927116195,41.759821767668186
3.5091501255207866,3.195599689077502,20.461164652905435
1.1706701642760586,4.339591472600111,15.121766190845001
1.4299168205283586,2.2736992781692953,12.897073181038719
7.615106317174723,2.5779801428962514,34.29486944589081
6.182180633162611,2.444232901284601,29.864695270121164
1.0112267612279024,3.3343212877305217,15.47195098929069
0.8410680611499743,0.6982562737815645,10.007360411285047
7.009691314591199,0.14986794936338976,27.103077273172815
0.7276300636419353,1.5396497079559546,9.299967214003287
8.218600592903563,3.5234038136832337,37.35049322308807
7.062422271564962,1.0092672606147417,29.406415623765895
0.8134878064189976,3.3671621666245866,15.306224747226528
0.8483771408519192,4.849560230536352,19.027621940840426
9.866395785011754,0.46950357894709194,36.60065028373105
3.742707957561203,3.363010591125631,23.481317366247243
3.706421470668909,2.2187510965228556,22.16199196252708
8.127995672575025,4.3407112718875265,38.02562767262654
9.472485773838587,0.8857489472369295,33.866143239148045
9.860010638228708,3.4631297611308227,41.261690991032125
7.533781852589416,4.190576448240551,34.86514448703968
3.762595855309158,4.723071097370116,24.721162348206136
0.8350071669866876,3.4162401414482293,14.120723777783244
7.771469159274368,2.4858738200421366,32.097525236407435
5.58404249735805,3.089236201006069,27.468657599627733
4.242220092469763,4.344524922393591,23.575288121765794
9.06354385094736,2.8530487331941483,38.21666958028979
1.1119748230615134,0.1519352984841843,8.641603279196246
4.926251042908591,4.654743477534889,27.862607137193265
0.11353644767419069,3.447633755157806,13.22474535598679
4.6866064199412625,3.3825669288862326,27.23130832403609
0.5630327568183735,1.0783757619885859,6.4345099978788305
1.1881791626807192,3.2944273511632858,14.009305022519408
1.1752624677710488,1.9693220282707924,11.310717935173784
6.492103021160636,3.2561648852074603,29.57878418223353
7.460448792654233,0.5329651515399536,29.69148894394023
5.833687650971596,3.2892265230151803,28.788776790785942
9.621725484745419,4.997068628853333,43.462541449977
3.748705795237041,0.24106019430278014,13.722444227706552
2.8571208628186073,4.885870921106586,24.296231475982832
8.685991281894603,2.034539803614353,33.26816586063231
2.235958385194526,4.353767251686296,20.505308604355665
9.632225394406113,3.9119274202913674,42.13659643073836
0.12154474689816341,2.8350813049333388,13.075784744319144
9.69878826707639,3.6922460462566327,39.517626295063764
0.43159911950576113,4.39257780650674,10.550684737799525
8.911431136980712,2.0207016082551648,36.051470944583
5.277011090862999,1.6351658078161935,26.802131660487664
9.929647961193004,3.3379669278179236,43.32329726862401
0.7379656473539886,4.039229709706293,15.60684548438649
5.538542844013207,3.811425673883079,28.50102560135771
9.69302535619099,3.9890682442931724,43.26789645211528
5.230978441701488,2.177916574064665,23.58844917367709
6.293986381352625,4.089171080875108,32.77483795984242
6.957486889846171,0.6010452768530422,27.83275646199454
4.545410647677732,2.722445489804248,25.671437783890013
6.275580800840634,0.028793302490607853,28.02381906586973
5.843143119231002,1.6229291495013514,26.363911607463862
9.01158010490989,1.8323076743569895,34.9359102248824
0.4544638034145787,1.980863458046277,10.2867568580483
2.809631895922303,3.477336033449311,17.729953897331853
9.504114840765588,1.9427905063517286,36.35585583836663
8.902637838909163,2.2434681131126535,35.58092608578314
4.55656752785713,1.1877206543716374,20.259011295412773
6.201325978015367,1.8662589581467004,27.56502815839008
2.7738118298113266,1.1363481363157573,14.360501863492193
1.881211597237613,0.3659796188422182,13.057140030383984
4.636984049399821,3.0172429669068896,24.94574867939054
3.533522280260528,3.3410639927750814,22.268744344623826
5.836561118508721,3.0974517300480726,28.212744740852933
0.7773463696498484,2.3174702190028618,12.199765572743738
9.743948076661665,1.898928900896149,39.26734942877874
9.86210744479603,4.316668247859126,41.91896350653999
6.981617140197452,2.5954089256810904,30.14849453834165
5.360963663441204,2.395909388148655,25.419120723455926
3.0952761628632777,0.12821032903217844,12.523442761444366
8.137950197069486,1.7062391381307818,31.597442077887777
6.847311725538793,1.9009780939292853,28.62956005415796
1.626169393448913,1.9941139044845024,15.178319760384834
9.109271844938425,2.9008618461366615,38.52338122059148
8.22537242923169,2.6680127336343924,35.30252762201517
9.49799913291924,3.039525463967223,40.849395269944125
7.2571950838836,3.8244163077106412,34.21436018447299
6.134151959357899,4.064928693580468,32.11801054012796
4.182430362906189,3.590615381132472,24.573689221584768
9.327284833540133,4.777618479774674,42.93513498426919
8.660638895004084,0.09116291338180815,30.290104525358494
0.45218670106189407,0.9788899284177305,4.6561142226065
0.26366974497252005,0.0378143748907106,5.665219241419525
3.7646336687804958,3.237373570773015,24.90277035203743
8.105533307818328,4.490152744749935,39.68622851631724
9.872761293149445,1.2174114828814964,38.50120307209808
1.5041689110352818,4.635172723981533,20.637048263778237
5.941307153521351,0.30133695144780426,23.55958174990182
3.8089085663102153,4.672180134027571,26.06705952809418
9.699143978146033,1.758113436198172,36.68718096368292
8.421189231357086,0.5071041422460826,30.80366669452285
8.383287047111379,2.4293587959316283,35.932235457854105
4.686931597949703,1.2838828386025396,23.43438712680741
4.148195023376652,1.4243645098096143,20.084144676227684
2.7340707193070624,1.5364498246314329,15.599827909906937
0.5637549665092711,4.015129489163317,14.722315816139345
8.647223762550531,2.695806383376272,37.23509417779781
8.129010091300776,1.5565384957800181,30.334325041262048
9.997176732861305,3.0516689165545916,37.65059660198724
9.966368370739055,3.580753371115968,41.234806580211725
5.5543170560262745,1.3631200036676687,22.558122536542925
7.689874151805105,2.0677455076267575,31.442903174197863
9.44765729882428,0.6094304666847378,34.34016235161611
8.496473906774115,0.9057467476734016,31.62104260213463
2.4734810174319763,3.405589269824914,21.410322893651873
4.505441353100935,0.9071917384781347,20.820824683162556
1.2915941515149498,2.6258169183353006,14.577127830631694
9.540510272587223,3.5452313086121636,41.6453041510511
6.0617463445088005,0.5343846154737192,22.545758587802684
2.2864280550346274,2.836561098144518,19.09107404252332
6.7170068440585675,1.2828139185068188,27.60300193938615
6.181282404578958,4.814634376187899,34.17883689197449
3.5816271803284048,2.4177282335996235,18.97255215862423
1.1355759219962902,4.029962748875791,14.136015114716358
6.715731955927996,2.7511327107813086,31.876295776384147
5.2030770090379335,0.21706266427409582,21.607970644808265
7.723183917356393,3.1657568779701117,33.14798817647314
5.201635011119934,4.757016711033285,28.814443833514332
8.5218150031854,3.008059100731656,38.26971538764167
5.519068387744856,4.095944297133951,27.964975918201475
5.609379715353863,4.421032316742039,33.13421320942961
8.76653602658345,1.1403988597446624,32.22947469726787
4.034828662123971,1.0602241995411332,20.182522273866756
1.3401522845064073,3.0549049442549587,14.637339028405663
0.28782676313338973,2.0551423490335234,10.878546134090731
7.55137255673619,4.1993065143336015,35.236559695704486
6.203095513534647,4.500115616990056,32.36532841547561
7.0407976809922355,1.7671068965135905,29.71798559909747
2.129641615089107,1.1843527948724102,12.254349251339933
1.3637147558676976,3.902627576219309,18.007635938171898
0.14544665667881929,1.3740301777406805,7.414579975810441
3.5058755880659698,4.113071592568392,23.400870076324665
5.899176868546331,2.118691268243814,25.443389080213848
3.922440450997323,3.337749496457352,19.59931985771371
4.374749220237291,0.4776765691733409,18.7930591551583
9.041586944937483,3.119296623382865,41.982277213997556
3.4825546702330037,2.258838393686146,21.14224722991834
5.139894891598108,2.9330423158773704,26.256878736947474
7.8365301274114305,0.8400710387243171,29.79539621587053
3.9654278232127016,3.6843687247209105,24.298719758297995
6.220867002278735,4.3139853877161425,33.1112504550313
8.623637087467452,1.0836990004538782,31.267090040346844
9.495206236576422,0.47857277760080863,36.1142468069342
1.4707348092903794,0.11819293023168198,10.72166226149637
9.265876251614944,3.2098575022163303,40.2946223478394
4.921162930795382,3.035470180443904,26.492142761488545
2.5824438829895833,2.73348706357035,18.243730762650433
4.591357562382613,1.1597354805798772,22.102835502257825
9.800325752854771,1.9545299795275732,39.19775841823153
4.926180939928696,2.9723816759308654,25.192245105236285
3.287516102875082,2.483834294295847,18.969814237871592
6.334008543167258,4.938927601074436,34.032665274543625
2.401456187781931,0.6821987627836656,15.892296316155905
0.7586332810866392,3.4757227702379687,12.368684770255005
1.2887972191064923,2.0215938405214606,10.708291439733738
1.2804583895777244,2.1409980746280737,13.370512579844096
1.5190269351229435,3.5879888282908814,16.809390014734618
1.3882717264941014,3.4621807566218483,16.34918918928161
6.4087474480321465,4.956279968510941,34.504732077981075
1.8188008439914483,0.6419714472706262,11.405542044563388
3.456672833238632,0.5205482469208317,18.645910151460683
8.967884099060118,3.6216940856437057,36.74568450075299
4.739616402628723,2.8919345850320455,23.75997284077989
6.675577385210271,1.3708033327990292,27.613456681005303
1.7231987120162984,0.397096844944933,8.49900660920751
1.9228901880867078,0.4282912479821527,11.361471453576321
0.40868616266478863,4.470954373320591,17.660172483227576
1.6893506307216455,0.9593366235937145,12.01805487179631
2.7859033903195862,1.6168578105776037,16.937477150691993
1.7701048427674682,1.13328201113494,10.686631402813415
0.8870253375705561,1.7749815291596867,10.286496958971826
1.206358711006008,0.34711921373046684,8.750519989993052
4.607787680327258,2.595298954541352,23.537388304930126
2.063337184057925,0.3380628179610745,13.788602880601578
3.6426986104807546,4.001782539111808,24.768197500753566
5.034172708548569,1.1685604095521651,20.772452009344487
6.903948286293653,2.700059573022553,31.481721172574073
0.39312139841098936,4.400395437807291,15.72748769359273
7.994103989090426,3.2543868452359708,37.20130921552512
6.279003894909078,2.6647889327566765,31.53740058009315
0.8175903194887191,1.621668765576878,9.173467201878111
8.735786241067773,1.6650095652909895,33.32109158696979
9.208724005318132,3.3474347759909504,37.434674779564375
0.6107795985486375,4.970696806105837,16.422702619197114
2.7687764814720373,3.309195949246893,20.6242589045794
8.062012797930613,2.7889170868501245,36.24487434237574
7.482596903836583,3.6532525511962306,34.64036927843843
1.8452101935637732,2.3260280614185906,14.707915418646236
2.093493233367103,0.3007117130039261,12.109540114482272
3.70472102791382,2.8114840793895493,20.484416890075522
4.845229851910213,4.788126422526901,32.246250483326605
6.1825477153029595,0.8765147117882982,22.889181028808387
3.689136395697724,3.4500244541033287,23.244568963643417
4.625347161331479,1.0046684432952824,23.92078769942946
7.474709381337565,2.6791384223654062,32.792604755583504
0.366832028905979,0.4833822482335981,6.782202030682892
2.5243694434402073,2.2518546812909257,16.540649558686834
7.133495858845524,3.7808166444762303,33.691533342845425
8.952068376871994,1.7378576211949104,37.391193085020596
5.116774421156661,3.32455862243609,23.6816476413479
5.321134852653157,3.977249803948646,31.218054717801248
1.0717201133977605,4.635889097397263,15.35100280631259
4.474123668234546,1.1732104092772677,20.36881332940655
5.326172664550231,1.9965795790465406,24.327810521295785
2.4247050363472966,0.7620800666520872,14.681105147002144
2.6924323094938094,4.962417510791876,20.604945422239556
3.7728416310462265,4.635004839621477,26.281793571504547
0.20071197777726368,2.699785651402798,14.038171671067666
3.220791655831783,4.210166471882106,21.037946904370344
2.1144800699654462,2.604789886360211,16.837579234032354
3.2749735217791462,3.1179284400137988,20.067804178670123
1.1976213181925122,0.4456221605800831,10.122939085027257
8.90527280739895,3.7763521024840396,39.29724429328856
5.935924535540487,0.6385674181761741,23.122678079407343
6.791023191444896,4.130338151262642,34.36555430416659
7.891712386073383,3.9101404383519296,39.201940199604124
4.984421989290572,3.5437234887148823,26.754357257710534
0.8692028808742369,0.18080190262381057,9.048849361092604
5.371065418185478,1.515641779726643,22.204570377202977
5.868411180208791,1.3155628495542144,23.80170467450779
7.4543947418433,1.8006820373575954,31.673157717065656
4.316595462296794,0.4382137338191927,21.052387897332714
1.2758030279556376,4.684789115155314,18.73040733735603
2.8377590579872445,2.7690112035618815,18.581712535300763
3.630822963986351,1.5276215532901176,18.94664910667432
6.459172413316012,1.984907585371417,26.471720809736293
5.707783046689119,2.236012702524178,27.502147534648763
3.5609672589784624,3.0029716668030866,23.012344704026674
9.865152487929796,2.578397138482489,39.07411624150475
6.057748193568871,4.596959866072087,31.662101091211536
2.372267917359945,2.484817414529151,17.485255925616208
1.0178247262040374,4.960790074116563,17.319974722784345
1.5285913918433203,4.257124788725479,18.000824831042184
2.459577283845081,1.042552571786679,17.613419678858374
1.6068137325955567,4.652976073219581,18.75585479310684
1.8656702405130576,0.5818319894273805,11.2231644723621
2.850951686938471,4.087248542455958,20.75603943727459
1.7337359529475482,1.9031164673829004,15.123728750858351
8.967654246264251,4.389871602225347,40.410869683416294
0.8023374566164221,4.340283450537251,15.11351971344163
5.245113895702547,4.029627000588106,30.77655173669337
4.103968269896615,3.950152181535307,27.341613679530916
9.823786169086064,1.523395695490204,36.61751454963055
1.1203890216805235,0.4045964152562609,6.370549968513169
3.9785559904574166,2.014900893825807,22.476740293779248
9.69470433275369,0.8676225749325434,34.79241340948615
8.655071258939802,3.4747554445123088,39.10066306458818
8.1707207094928,1.7304986326889278,30.018003667288504
2.579028270449398,4.878051004299574,23.832082827396306
1.7088758739006582,3.20486038672666,14.719590501234123
6.68643219924431,4.112402818171804,34.38024841267633
9.293759891275858,0.6626233637092421,34.22793600300071
5.567628930139298,4.310072411363112,28.89212248404915
5.7161268946989985,4.613785952566972,30.76539811984077
2.7997909366028417,2.4353095940946794,19.299469683432935
7.694929331919369,3.031264688754887,34.306159052940735
1.8704374855752337,3.8240490045149773,19.136029936464382
3.2367923640424365,0.8741931363020627,19.423424241504662
4.254364386164168,2.5128303823172122,20.44239150556035
5.07610378684455,1.9933151388615655,26.640760500709717
2.4240973241508024,0.7318699608112456,13.892565800359717
1.1483682473920354,1.8376721114576573,10.772272892606727
6.1062004244163255,0.34086154692746784,22.004853928495425
2.8863055324025577,0.12905953474743492,13.633355080536992
5.812382214226123,0.6758314457741138,25.171284702113283
1.5436271527420231,4.815575557945869,19.070708893551505
4.811401018548175,2.747647679475085,27.196230809965716
5.325894325515859,4.8291108057661,28.459141053002437
0.5182353682242691,2.16248939165066,10.861551466205045
3.366042781939206,1.5590806654262979,16.337699510050538
1.3441467693897424,2.5307093142012205,14.639306760509118
0.6337497047276774,2.1975584431645507,12.626697085658083
9.899602323899453,0.5283234213087196,35.12431112379422
3.2235384497472297,3.204131573451031,17.17255771120305
8.09874445854635,1.080190912547998,31.755037420929785
2.5464065476376385,3.0979397744891477,19.490207019491475
6.8150272222392925,3.2510054619907667,32.55353472314196
7.6022785988968655,0.7601242656432405,31.180757615710306
5.956387406078443,0.3067481355533408,21.87607796986844
4.715761885501584,3.9038079303421993,27.975225675364825
4.118409141472686,2.2990021188466008,23.741992930828218
3.4886826654299528,0.29081897752737895,13.379804575334843
9.29529144247826,4.9743315858488355,43.31401523801092
8.306194077877292,0.2889028049818332,29.740118097084032
9.650269106665126,3.475176144292766,40.778875598928444
1.2429722348554473,4.918394626317068,19.087220682507983
7.308674752036443,1.195900521079628,28.586982452098255
9.383404568210379,0.7112468434359809,33.55914527276068
1.8123306616566015,0.6069246971121445,11.70207000542613
0.664962673667775,1.5163757378379779,8.396770588385078
7.4112064929005905,0.5052290550532335,26.61533989548046
5.744731131799119,3.4608067084706597,30.17486673677343
8.41828776758272,0.31145899065031346,29.154590231310806
1.397723766262895,2.5471106407489486,15.2868613316504
7.952673118598902,4.983484269264884,39.518874833607406
2.0162732004774453,4.069851347530094,16.59981220330663
1.636559428657045,3.0760971911550543,15.04552568977776
1.6426579793099294,1.5312681039330585,14.781674250366965
8.14574720231382,3.1194791814581926,34.20445167314833
6.651972206962001,2.6352073195582584,29.52972486653844
5.230654247691193,2.130416919451857,25.64588792185514
3.5883048412350247,0.6535518837009974,18.24710405503096
8.772005408131083,4.433021076202333,39.80475004773117
3.924451074226354,2.2489232441066127,20.374934418854824
8.16599439471577,0.9731125591038253,33.57776309490272
4.391349085702184,1.838796754386448,24.45999026157582
3.769444294249076,2.0706487626446353,21.91791748420919
4.626797856696064,4.137689477834371,27.28374973960447
3.0137787416414206,3.6680719028070103,20.165081448076894
7.476093801762511,3.846524468206699,33.875663731866084
5.027203900924792,0.05515632214323607,20.975695504959482
2.322126951468173,2.0807699908988075,16.75551816753516
8.995745732745684,2.4067207581766183,38.90307660400993
3.8389122137321143,0.09596138411528343,17.684334548231117
5.435528611139886,1.299066043725171,21.65009746823027
9.06472110964547,3.801449115610675,41.37498298674214
6.242379959139921,0.6855485286449953,23.601145993738132
1.1689804070836407,2.6765506572629585,13.284085627848311
9.398321236134752,1.0760093600861875,35.722282737954174
6.277080530714178,0.060603873219466364,26.945950573257413
3.3490561465708613,1.2060072879977075,22.12406084971604
1.3927207266338726,4.879368774550269,19.84698431770643
7.9402518927029595,4.007685559414948,36.56133186885819
6.200727559285135,4.797883221605167,33.99970759378657
5.334610919763215,2.4392702196318123,27.213856337364025
8.938925830509577,0.5486809933875175,32.43313803996798
7.885972112245307,2.739797444868465,36.83032826034134
1.5167487973275118,2.2718866727998046,14.439125876369248
3.1172206779554825,4.22178541369808,23.541847494899695
2.4848913981446574,0.49041290392122294,14.434386380358111
7.43946292572677,2.441205685108891,32.83318006331977
0.3353243473577938,0.7502433234699213,8.764870439717642
5.698896848713165,1.6233796344502998,24.41757003521971
7.624586857406905,3.686785386938998,34.40987871517967
8.767656367617494,2.3800906468438328,34.41291904708261
3.4208174871590744,1.8794414257288468,19.680587158865254
8.212573046720129,1.9723813928501766,34.750886681128904
1.1063173695520723,2.297233842029933,13.600079091943913
8.464522917345182,3.9250827191852844,40.75547284042742
1.2748866233198242,4.460423444701172,17.73711273111825
3.9728729056036727,4.776673432519641,27.475078065239067
7.972953657795536,3.9345169312764754,35.15034352173058
1.4991742734877378,1.5770344787400636,12.07094222423174
2.2925139523264146,3.4406735304327105,19.802195554193332
7.222525683930662,2.1880156202769596,32.31726145846062
7.200365365460744,1.2733531102302558,28.706851895346468
6.411476328852973,4.204357897129613,32.53574590303105
6.939484444671001,0.19213174481162498,23.925906203615035
5.427244433475962,4.508809960677118,29.763809420572205
2.5179905890695276,2.307387323123671,18.504321158735603
3.4569599350391944,3.1860073840414023,22.605702097360236
1.8159771680142567,3.2967696110289135,17.792469308172414
9.084505613336283,4.475588703532682,41.279354777845654
5.833917947661204,3.183348410836037,28.879045402597946
4.008514167636399,3.069667923800309,22.174396641299644
4.620058036441327,0.3332602028034498,20.574937145234685
9.472833396118153,2.59204010972602,39.234039824390585
1.533514031160802,0.7508450040852083,11.840260373642021
5.862298320167972,3.687168843607428,29.172180383717404
5.05888678884466,2.5611096040633723,22.068865194853856
6.1145423543464785,3.4011388960417666,31.791633922753512
0.18110183820840509,0.20836450301192133,5.241778336636452
8.721239089441514,0.4239600802290161,30.717473782717896
9.321182824836123,3.5816169403134115,41.16700072300618
5.65133183589209,0.36042167999336683,22.086819907784307
6.966508238768922,0.356283638826293,28.201996570029284
9.224993811772958,0.06054237617443725,33.721575112032795
7.072386343133986,4.7825069914974,36.80752699719748
1.5253904291426135,3.687541797295035,14.902321315217108
5.762883601668132,1.7662570425103208,27.639080868104635
6.067150463828559,1.4826779064382762,26.558683001213012
4.24130671302386,1.7485161487292478,20.667036727660772
7.3644423562472285,3.8732676559059094,35.054945081566885
9.343670147690148,3.306853055352072,36.980363704427106
9.255685129067764,0.9259778393373397,35.23199028309897
4.508393714041321,0.8705466766704217,18.7222172331917
1.1323804584075525,0.4919782485669866,7.352092443591328
9.848411989623346,3.301513598506691,38.86472438655658
8.388980864459342,3.8218633111086797,39.47970177808027
1.2466268120326685,1.3252321416250201,10.446449628808862
9.208418826173723,0.10472480515456406,35.13529765370505
8.698963620621283,0.41085833738213673,31.114905342049678
5.188380571260721,4.839300174225152,27.682705125843047
5.912754357449293,1.4772238873871013,24.01792418719909
3.9900270387013026,3.846115739190668,26.516030024495652
0.5476163882203133,3.1233178442713188,12.655637586298575
3.3519724164590095,1.9096981982644796,18.052882701170084
8.028534485980114,1.0284363109777757,31.382503418675075
0.04632023004602859,0.6069320907970321,7.105498975983467
3.334991716911442,3.075064840194333,22.831203054976683
3.9816869359094333,3.87316890318894,26.86414745894557
5.373956029379229,3.2195212677056535,27.021257654865362
9.198556164127606,2.6515106662457915,35.90961829575134
3.4634599436596125,0.20975611715818132,15.189694323610286
3.469532018962277,4.842443887971919,25.483904592705
7.3750124810974835,3.9935709582728727,33.66654097052228
4.522179408898071,1.4641101835048236,20.059032221361296
2.2460482293998196,4.899851646794254,22.053529804112795
4.524395161326934,3.0094079481816105,24.519022852988346
1.4085702037979986,2.912113291036232,15.09913268658384
1.763869865062233,3.7403658971476608,16.634598387431918
4.983677727394797,4.058848940450687,27.723129991777114
4.189254495045479,3.2823930366575134,22.74619984204901
9.148459010681,0.6404787318310001,35.061632112392175
3.623938991166331,1.691337529972492,20.807366035529608
5.805883502780435,4.640418201630249,28.92920511824466
6.322642879195303,1.1230780592192597,24.819818465735814
0.13094456588333636,1.8608351191875667,6.869710053390024
6.635373720167106,2.16038441472098,28.25185408833293
1.7803596686975143,2.197024948472261,14.609971948351523
9.610703174694551,3.0646979124726275,37.78703751948112
1.4866272775311296,4.715379188723538,17.507850490352496
4.146241237270237,1.203463559162525,18.33971477201351
0.8534966807864386,0.6075068815045903,9.086404799466912
9.968742518459473,0.9873524492996866,36.98494895953217
5.021950103312426,4.434624501046348,27.852492982024092
5.953850173200438,3.2290540632760303,29.584889954362474
0.6707647738842748,1.4295339461958005,9.051342087163526
7.499604703991778,4.079734694843086,35.25080083617243
2.0990559309558576,4.30684998181718,22.42104589194974
8.980542894407137,4.232571693451391,42.41746364780971
2.0513964048200717,4.5946326681977725,18.394082695464363
1.9068772066366657,1.261205100866808,14.487640448462376
0.3654966784809488,3.7752096437313916,14.864004154643018
4.720669451099992,2.3026974863707,22.045008392912447
5.648411332626164,4.209992764450307,31.5933859924114
0.6570863942835237,3.642453385808066,16.563063832085533
7.755276166950106,3.882237232498623,34.346485756480945
4.532888347480276,3.2808091884053576,23.784029187730145
5.243902693275801,0.8871438473485344,24.032487974789724
4.407627469382281,2.7251345944846914,24.080394563354698
4.00763060875326,4.923348697622541,27.696803634364144
5.596403313082179,4.6869403324855945,31.673974428818475
1.552402459307125,0.21586867898505835,10.674988617283708
1.8192813049527112,0.8240740786471856,10.11628387968588
8.617856210135173,0.6586438672728095,33.741832924883305
9.461154621336327,3.6298995499264777,42.3976479525036
3.7330931627975295,4.088926649284725,24.033046670859996
2.707446731435538,1.0675568315533597,15.192238432692537
6.439995432390157,2.529263464759145,27.08185197285518
4.087341710980964,4.203515140056,26.440437547081643
0.2538635566034486,3.664007723831253,13.947692280044066
1.5615259736619036,2.7111860274592416,15.013663450405227
7.159722288473976,2.9517384522938643,34.06917380981541
6.589239419101514,2.5418027345814,29.35020787999743
0.2709599250348349,1.4877422565941028,9.635273177133111
2.219721619329494,2.8251099642950805,15.77988827854047
2.310747965880714,3.4444265102504534,18.78576869183169
6.718927435987284,4.366614579304039,33.62848007971568
0.19710537754364155,3.1814567698962404,12.292191555484818
1.0410858198457384,3.80560768521579,15.180182436718756
7.999160853731894,0.800358174772865,30.400990017233912
1.7854466205433361,2.3077873720989492,16.210985362990165
6.527461078518747,0.04665809913546648,24.020553077969847
2.381827810467265,1.233394322608115,12.202406425510008
0.9944139275934516,3.632308575565024,17.872234790218535
2.4317219099945406,4.9590497567468175,24.285446361512985
7.2226693185565916,0.49589049793607953,25.721394908883507
8.556964681062858,2.0074715793064413,35.72039890966926
8.302198645669916,4.000354843495797,37.152843468174325
3.9718352961845484,1.0201781731444943,19.351093057839222
6.680851365706461,2.7754247465114315,31.034739783662488
2.0498429541582097,3.665356480148374,18.128630122296894
2.9314773026101326,3.0799272513008953,18.778637912052595
8.963358185211197,0.9401236730770807,32.734510323313366
0.13001923510736035,1.776922843428697,7.569615518957612
0.8550853085446808,3.9189589224269863,14.155440458142348
2.078862551460273,2.7711325706600833,16.67808536062695
0.26532203873819715,0.026148067714563683,4.774622267977591
1.8143543508979731,3.8049538001404692,19.076048751543787
5.830415609696922,0.17655677470119535,25.075229611497047
4.214245505924979,3.728668913656161,24.229994483032197
8.926717110769749,1.012402800826187,34.164063684764685
8.17443561738441,4.790367400596901,39.853569318801426
3.4181735169787597,1.8397037565104224,19.641931470336036
2.594234334312925,1.6346580816903955,16.1659520681937
3.7969240816726693,0.7444402516622234,18.99367637588204
5.902949425148077,1.5280210774510743,26.488263859367365
2.6806364082287626,4.383253809141003,19.951923209477346
6.24148907849134,4.981671688136236,34.9915447083304
4.0941165219124045,1.8415476525342416,22.29638112670581
5.520471808519803,2.2430531547727126,24.902592578836966
4.361265291353167,3.6103546910136854,25.361412009258274
2.9446575954191765,4.430978902325372,23.72092408012488
9.484533069621566,2.9652216709339205,39.0700718213635
7.636057941597608,1.9576284908891468,33.43289787822013
1.4011317576645255,2.0631092042431187,16.875422423408853
8.684679758979128,3.478090732484034,36.83124169295298
4.874311982495136,0.016091318021393408,17.583551678797534
8.945522268940914,3.0979466872992036,38.488188074828464
7.998552559473152,1.777465052206787,33.63293154052225
4.252135044692334,3.9709866563854215,25.352078886080694
0.22469308320117398,0.4649531991156608,8.783876642816395
2.686773593849461,2.9410113347419524,16.934434751447412
5.416342146608669,2.404864449430619,27.098133273234662
6.334782198261473,3.211627629526137,29.51881062269835
2.578876854332023,0.32426797241484173,15.964233367136698
1.3935607407282413,2.899918937140656,17.969293126218215
8.34930236799299,2.8074229397976187,34.512768101899184
9.84402180703552,2.8033004720808545,39.3143306614054
5.256901823026858,3.017438332982274,28.094963965514825
1.716792858483035,3.382339686131811,16.334361973028454
2.7230732651936895,4.024944998403849,21.150992965490406
0.18390676547466733,1.3491036006410717,8.288010128519762
9.14298806560499,4.1252470509003105,37.79994856431911
1.1775108289014113,2.491278411317268,13.494332690197414
5.765164755142536,0.3852913956716558,22.031485395674657
2.74055220687206,0.292754646219896,13.067481679456314
5.541780025157934,1.6711915934803039,27.13317126763763
6.514203883518642,3.9244848855573378,30.506821080251715
8.297418037072017,3.5384046737045787,38.188871238747176
2.064212717606032,3.943074823362032,18.660343404044447
0.10995828658480478,2.586345282208047,10.082925171426757
1.3688563006880727,2.2009949897774526,14.69411672569669
9.00018641848105,0.7372626335314197,33.98516146435933
8.738900775625153,1.6409637680465576,35.35454935879787
5.974131021703083,2.1700968308693764,28.71486371764729
6.005168604336534,0.44300214839808616,23.404547535030794
6.650366745462555,1.1030597635560562,26.23886466173815
1.753712786234496,2.991126470318694,14.615665509504177
9.144119459249598,3.678315571195949,38.550873725172266
4.187705248920731,4.991737556964749,31.970232498654777
3.8313852824949746,4.665566656717789,27.69230853202568
5.189177052828375,3.2128259976759574,24.966571604525008
0.46965966775055046,2.10624026647036,8.637772601077017
1.662833687560794,3.1808868235411634,17.073073802342446
7.380336164263705,3.92825809040116,35.81842186966038
0.8279866792512647,0.5916809546169366,9.490647699963713
6.031521094663882,2.049524448481441,26.811178490623984
2.4534910968132095,4.199011428178086,20.57031475679145
3.8929561404197655,1.91916475966522,21.00901722682877
2.8869373677069987,2.8593613561359326,19.508374324832857
3.5567271646494913,2.938846804310991,18.218924543449155
7.1904590518424545,0.9223812656681968,28.071440241000968
2.9712171562317504,1.811177208261442,16.258896233827663
5.664046402968972,1.6725564437096607,25.60006922468901
4.760504021990997,0.13098354266032397,24.021367655198752
6.636711653626481,0.12095881945677622,25.70327509800445
9.36829739324758,4.158485218378868,40.95156808724188
7.325720972102503,1.3653540498640622,31.09057326900151
2.149403785907568,2.5903938311940773,17.353030850924675
0.3118313506128467,1.4936278679438653,9.552891523404034
2.622640442998251,4.703396225576703,23.184989669971664
5.9507793070025485,1.2964837943288687,28.530120856909694
0.5142581348425035,2.1482840636946756,9.14300987892799
4.963662472012364,4.3636512524230096,29.328738036100294
5.968428489168892,4.209667833959044,29.935049440452456
3.3424389081696084,0.9305070892313866,17.72159987248497
7.7091220374582194,4.013216548978552,34.77576944310262
1.065982531337718,2.290934433689463,12.153766240984453
0.7513778173580876,2.414844360426776,11.641187301570955
7.281887562036033,0.6673998620797189,29.6441874892846
4.954913162061985,0.40300756878562327,22.04843628967082
6.88402396427736,3.639696534868826,31.06288889790016
4.348273386037462,2.482305761776499,23.091832848165158
2.464020332391068,2.1842535130758978,15.696198241201241
8.191023176741997,3.6475411432619835,34.98039445073695
7.994158789689792,3.8275644949555487,36.312079783343925
6.946964708544268,0.7945408383467678,26.96725161964261
2.7214513722996267,3.0511257473882063,22.906680341193578
5.902306668690871,0.6767704113884276,24.709900566890514
3.6097389694002677,3.7568754301452283,21.276541517359902
0.9158207332663415,3.2847757813356977,13.469852756214006
9.173135754622429,4.78307310541729,43.617628417845964
1.368186309189614,0.3447900817821059,12.926803250437942
9.502373538208024,0.2852736057562716,31.698692857779683
4.460057729579558,1.4109353734660006,18.382157357962107
